,ID,ID_next,length,area,lake,endorheic,slope,S_0,S_max,Coeff,power,lake_type,HYPE_SPL_EL,HYPE_SPL_COEFF,HYPE_SPL_EXP,HYPE_LIM_EL,HYPE_MIN_EL,HYPE_ZERO_EL,HYPE_PRIM_AMP,HYPE_PRIM_PHASE,HYPE_PRIM_MEAN,HYPE_PRIM_FLAG,H06_alpha,H06_envfact,H06_c1,H06_c2,H06_exponent,H06_denominator,H06_c_compare,H06_frac_Sdead,H06_I_mem_F,H06_D_mem_F,H06_I_mem_L,H06_D_mem_L,H06_E_rel_init,H06_purpose,H06_I_Jan,H06_I_Feb,H06_I_Mar,H06_I_Apr,H06_I_May,H06_I_Jun,H06_I_Jul,H06_I_Aug,H06_I_Sep,H06_I_Oct,H06_I_Nov,H06_I_Dec,H06_D_Jan,H06_D_Feb,H06_D_Mar,H06_D_Apr,H06_D_May,H06_D_Jun,H06_D_Jul,H06_D_Aug,H06_D_Sep,H06_D_Oct,H06_D_Nov,H06_D_Dec,D03_S_0,D03_Coef,D03_Power,D03_S_max,lake_type_Doll,lake_type_Doll_HYPE,lake_type_Doll_HYPE_HANASAKI
0,7000643,3044060.0,1.0,391720000.0,1.0,0.0,0.0,9870000000.0,11828600000.0,0.01,1.5,1.0,557.0,115.0,1.2,554.01,553.02,529.17,0.45,61.0,200.2,1.0,0.85,0.9,0.1,0.9,2.0,0.5,0.5,0.1,1.0,1.0,5.0,5.0,0.117647059,1.0,176.64949,261.43344,835.0453,1227.8302,598.19086,473.12695,525.07874,467.32605,409.74335,320.25873,278.49527,222.35532,0.0,0.0,0.0,0.0,0.0,0.0,0.0,0.0,0.0,0.0,0.0,0.0,9870000000.0,0.01,1.5,11828600000.0,1.0,3.0,2.0
1,7007209,3028180.0,1.0,86190000.0,1.0,0.0,0.0,338329999.99999994,769280000.0,0.01,1.5,1.0,,,,,,,,,,0.0,,,,,,,,,1.0,1.0,5.0,5.0,,,,,,,,,,,,,,,,,,,,,,,,,,,338330000.0,0.01,1.5,769280000.0,1.0,1.0,1.0
2,7007547,3022963.0,1.0,21870000.0,1.0,0.0,0.0,1827630000.0,1936980000.0,0.01,1.5,1.0,1029.0,32.8,2.0,1028.999,1028.998,1006.88,0.0,0.0,0.0,1.0,,,,,,,,,1.0,1.0,5.0,5.0,,,,,,,,,,,,,,,,,,,,,,,,,,,1827630000.0,0.01,1.5,1936980000.0,1.0,3.0,3.0
3,7007558,3036486.0,1.0,10960000.0,1.0,0.0,0.0,132000000.0,186800000.0,0.01,1.5,1.0,1692.0,74.3,2.0,1674.12,1668.16,1644.33,0.5,105.0,30.0,1.0,,,,,,,,,1.0,1.0,5.0,5.0,,,,,,,,,,,,,,,,,,,,,,,,,,,132000000.0,0.01,1.5,186800000.0,1.0,3.0,3.0
4,7007867,3026395.0,1.0,42210000.0,1.0,0.0,0.0,326100000.0,537150000.0,0.01,1.5,1.0,859.0,201.0,2.0,858.999,858.998,844.26,0.0,0.0,0.0,1.0,,,,,,,,,1.0,1.0,5.0,5.0,,,,,,,,,,,,,,,,,,,,,,,,,,,326100000.0,0.01,1.5,537150000.0,1.0,3.0,3.0
5,7008051,3035206.0,1.0,21630000.0,1.0,0.0,0.0,490000000.0,598150000.0,0.01,1.5,1.0,1118.0,250.0,1.75,1114.61,1113.48,1093.47,2.1,275.0,35.8,1.0,,,,,,,,,1.0,1.0,5.0,5.0,,,,,,,,,,,,,,,,,,,,,,,,,,,490000000.0,0.01,1.5,598150000.0,1.0,3.0,3.0
6,7100498,3025995.0,1.0,4410000.0,1.0,0.0,0.0,18290000.0,40340000.0,0.01,1.5,1.0,,,,,,,,,,0.0,,,,,,,,,1.0,1.0,5.0,5.0,,,,,,,,,,,,,,,,,,,,,,,,,,,18290000.0,0.01,1.5,40340000.0,1.0,1.0,1.0
7,3000014,3021928.0,347.8533777177569,248639230.66779003,0.0,0.0,0.0,1000000.0,1244196153.3389502,0.01,1.5,0.0,,,,,,,,,,,,,,,,,,,,,,,,,,,,,,,,,,,,,,,,,,,,,,,,,,,,,,,
8,3000053,7000643.0,1.0,244418686.9004736,0.0,0.0,0.0,1000000.0,1223093434.502368,0.01,1.5,0.0,,,,,,,,,,,,,,,,,,,,,,,,,,,,,,,,,,,,,,,,,,,,,,,,,,,,,,,
9,3000185,3032619.0,2228.680537574458,251226212.50170943,0.0,0.0,0.0,1000000.0,1257131062.508547,0.01,1.5,0.0,,,,,,,,,,,,,,,,,,,,,,,,,,,,,,,,,,,,,,,,,,,,,,,,,,,,,,,
10,3000676,3036507.0,4591.427833477882,254189657.6151152,0.0,0.0,0.0,1000000.0,1271948288.075576,0.01,1.5,0.0,,,,,,,,,,,,,,,,,,,,,,,,,,,,,,,,,,,,,,,,,,,,,,,,,,,,,,,
11,3000687,3039206.0,7084.688813396439,255146131.39580923,0.0,0.0,0.0,1000000.0,1276730656.979046,0.01,1.5,0.0,,,,,,,,,,,,,,,,,,,,,,,,,,,,,,,,,,,,,,,,,,,,,,,,,,,,,,,
12,3000715,3032149.0,1149.735549005631,253307102.3335147,0.0,0.0,0.0,1000000.0,1267535511.6675735,0.01,1.5,0.0,,,,,,,,,,,,,,,,,,,,,,,,,,,,,,,,,,,,,,,,,,,,,,,,,,,,,,,
13,3000907,3043247.0,3780.900136232528,257707391.44769973,0.0,0.0,0.0,1000000.0,1289536957.2384987,0.01,1.5,0.0,,,,,,,,,,,,,,,,,,,,,,,,,,,,,,,,,,,,,,,,,,,,,,,,,,,,,,,
14,3001005,3031758.0,3399.7073904153685,256183700.51650408,0.0,0.0,0.0,1000000.0,1281918502.5825205,0.01,1.5,0.0,,,,,,,,,,,,,,,,,,,,,,,,,,,,,,,,,,,,,,,,,,,,,,,,,,,,,,,
15,3001189,3040698.0,7005.714781330731,259742201.5187504,0.0,0.0,0.0,1000000.0,1299711007.593752,0.01,1.5,0.0,,,,,,,,,,,,,,,,,,,,,,,,,,,,,,,,,,,,,,,,,,,,,,,,,,,,,,,
16,3001274,3040331.0,8505.38240471203,260005444.29581213,0.0,0.0,0.0,1000000.0,1301027221.4790606,0.01,1.5,0.0,,,,,,,,,,,,,,,,,,,,,,,,,,,,,,,,,,,,,,,,,,,,,,,,,,,,,,,
17,3001498,3040487.0,1837.382626883049,261597239.9706329,0.0,0.0,0.0,1000000.0,1308986199.8531647,0.01,1.5,0.0,,,,,,,,,,,,,,,,,,,,,,,,,,,,,,,,,,,,,,,,,,,,,,,,,,,,,,,
18,3001903,3026664.0,7947.084864290471,266812536.71409044,0.0,0.0,0.0,1000000.0,1335062683.5704522,0.01,1.5,0.0,,,,,,,,,,,,,,,,,,,,,,,,,,,,,,,,,,,,,,,,,,,,,,,,,,,,,,,
19,3002007,3044075.0,8536.946423954967,270937872.8432242,0.0,0.0,0.0,1000000.0,1355689364.2161212,0.01,1.5,0.0,,,,,,,,,,,,,,,,,,,,,,,,,,,,,,,,,,,,,,,,,,,,,,,,,,,,,,,
20,3002031,3031252.0,6481.648429297745,269086411.86194414,0.0,0.0,0.0,1000000.0,1346432059.3097208,0.01,1.5,0.0,,,,,,,,,,,,,,,,,,,,,,,,,,,,,,,,,,,,,,,,,,,,,,,,,,,,,,,
21,3002056,3032701.0,7841.609738047348,270849505.6640529,0.0,0.0,0.0,1000000.0,1355247528.3202646,0.01,1.5,0.0,,,,,,,,,,,,,,,,,,,,,,,,,,,,,,,,,,,,,,,,,,,,,,,,,,,,,,,
22,3002615,3026210.0,7205.520276914629,278876169.502769,0.0,0.0,0.0,1000000.0,1395380847.513845,0.01,1.5,0.0,,,,,,,,,,,,,,,,,,,,,,,,,,,,,,,,,,,,,,,,,,,,,,,,,,,,,,,
23,3002734,3034563.0,10632.85660895902,278097849.28221965,0.0,0.0,0.0,1000000.0,1391489246.4110982,0.01,1.5,0.0,,,,,,,,,,,,,,,,,,,,,,,,,,,,,,,,,,,,,,,,,,,,,,,,,,,,,,,
24,3003025,3044071.0,12120.552215106776,281120802.6385565,0.0,0.0,0.0,1000000.0,1406604013.1927824,0.01,1.5,0.0,,,,,,,,,,,,,,,,,,,,,,,,,,,,,,,,,,,,,,,,,,,,,,,,,,,,,,,
25,3003294,3034137.0,9368.576438672962,282950550.4428024,0.0,0.0,0.0,1000000.0,1415752752.2140121,0.01,1.5,0.0,,,,,,,,,,,,,,,,,,,,,,,,,,,,,,,,,,,,,,,,,,,,,,,,,,,,,,,
26,3003601,3033267.0,9794.10088153228,287541854.6816003,0.0,0.0,0.0,1000000.0,1438709273.4080014,0.01,1.5,0.0,,,,,,,,,,,,,,,,,,,,,,,,,,,,,,,,,,,,,,,,,,,,,,,,,,,,,,,
27,3003705,3024738.0,10086.16929271334,288020044.4207855,0.0,0.0,0.0,1000000.0,1441100222.1039274,0.01,1.5,0.0,,,,,,,,,,,,,,,,,,,,,,,,,,,,,,,,,,,,,,,,,,,,,,,,,,,,,,,
28,3003771,3041703.0,13297.94942488492,289705345.3565421,0.0,0.0,0.0,1000000.0,1449526726.7827106,0.01,1.5,0.0,,,,,,,,,,,,,,,,,,,,,,,,,,,,,,,,,,,,,,,,,,,,,,,,,,,,,,,
29,3003895,3023867.0,5145.5948319141,293047260.8639871,0.0,0.0,0.0,1000000.0,1466236304.3199353,0.01,1.5,0.0,,,,,,,,,,,,,,,,,,,,,,,,,,,,,,,,,,,,,,,,,,,,,,,,,,,,,,,
30,3003953,3036151.0,15229.398512398766,292194345.78947866,0.0,0.0,0.0,1000000.0,1461971728.9473934,0.01,1.5,0.0,,,,,,,,,,,,,,,,,,,,,,,,,,,,,,,,,,,,,,,,,,,,,,,,,,,,,,,
31,3004117,3029175.0,9225.31912425229,297191162.6556915,0.0,0.0,0.0,1000000.0,1486955813.2784576,0.01,1.5,0.0,,,,,,,,,,,,,,,,,,,,,,,,,,,,,,,,,,,,,,,,,,,,,,,,,,,,,,,
32,3004193,3040051.0,2969.143706166929,297255616.5901615,0.0,0.0,0.0,1000000.0,1487278082.9508076,0.01,1.5,0.0,,,,,,,,,,,,,,,,,,,,,,,,,,,,,,,,,,,,,,,,,,,,,,,,,,,,,,,
33,3004270,3029271.0,10060.487334907675,297240550.7015003,0.0,0.0,0.0,1000000.0,1487202753.5075016,0.01,1.5,0.0,,,,,,,,,,,,,,,,,,,,,,,,,,,,,,,,,,,,,,,,,,,,,,,,,,,,,,,
34,3004662,3043955.0,16478.86847543519,305686128.05575067,0.0,0.0,0.0,1000000.0,1529430640.2787533,0.01,1.5,0.0,,,,,,,,,,,,,,,,,,,,,,,,,,,,,,,,,,,,,,,,,,,,,,,,,,,,,,,
35,3004739,3030854.0,19499.549416737445,303637559.0604081,0.0,0.0,0.0,1000000.0,1519187795.3020406,0.01,1.5,0.0,,,,,,,,,,,,,,,,,,,,,,,,,,,,,,,,,,,,,,,,,,,,,,,,,,,,,,,
36,3004747,3019668.0,12604.375752322478,305967892.7345438,0.0,0.0,0.0,1000000.0,1530839463.672719,0.01,1.5,0.0,,,,,,,,,,,,,,,,,,,,,,,,,,,,,,,,,,,,,,,,,,,,,,,,,,,,,,,
37,3004802,3021528.0,11737.190014121124,303945656.7513924,0.0,0.0,0.0,1000000.0,1520728283.756962,0.01,1.5,0.0,,,,,,,,,,,,,,,,,,,,,,,,,,,,,,,,,,,,,,,,,,,,,,,,,,,,,,,
38,3004929,3029895.0,4974.785209696512,305194275.8429841,0.0,0.0,0.0,1000000.0,1526971379.2149205,0.01,1.5,0.0,,,,,,,,,,,,,,,,,,,,,,,,,,,,,,,,,,,,,,,,,,,,,,,,,,,,,,,
39,3005193,3025816.0,10597.421110552948,311423225.7944427,0.0,0.0,0.0,1000000.0,1558116128.9722135,0.01,1.5,0.0,,,,,,,,,,,,,,,,,,,,,,,,,,,,,,,,,,,,,,,,,,,,,,,,,,,,,,,
40,3005337,3039362.0,14662.640682152653,315585715.3497492,0.0,0.0,0.0,1000000.0,1578928576.748746,0.01,1.5,0.0,,,,,,,,,,,,,,,,,,,,,,,,,,,,,,,,,,,,,,,,,,,,,,,,,,,,,,,
41,3005626,3019668.0,19820.601002292027,318977473.64869225,0.0,0.0,0.0,1000000.0,1595887368.2434611,0.01,1.5,0.0,,,,,,,,,,,,,,,,,,,,,,,,,,,,,,,,,,,,,,,,,,,,,,,,,,,,,,,
42,3005657,3043965.0,5590.680040380366,321169243.4995413,0.0,0.0,0.0,1000000.0,1606846217.4977064,0.01,1.5,0.0,,,,,,,,,,,,,,,,,,,,,,,,,,,,,,,,,,,,,,,,,,,,,,,,,,,,,,,
43,3005692,3029043.0,7678.220853330424,320301404.38548905,0.0,0.0,0.0,1000000.0,1602507021.9274452,0.01,1.5,0.0,,,,,,,,,,,,,,,,,,,,,,,,,,,,,,,,,,,,,,,,,,,,,,,,,,,,,,,
44,3005839,3025858.0,5167.285169232828,322988212.15866584,0.0,0.0,0.0,1000000.0,1615941060.7933292,0.01,1.5,0.0,,,,,,,,,,,,,,,,,,,,,,,,,,,,,,,,,,,,,,,,,,,,,,,,,,,,,,,
45,3005921,3032033.0,10001.41793496857,324425098.6896025,0.0,0.0,0.0,1000000.0,1623125493.4480124,0.01,1.5,0.0,,,,,,,,,,,,,,,,,,,,,,,,,,,,,,,,,,,,,,,,,,,,,,,,,,,,,,,
46,3005939,3023314.0,24169.180921772888,324468514.61615574,0.0,0.0,0.0,1000000.0,1623342573.0807786,0.01,1.5,0.0,,,,,,,,,,,,,,,,,,,,,,,,,,,,,,,,,,,,,,,,,,,,,,,,,,,,,,,
47,3005979,3039087.0,17576.455802965826,323218623.3714794,0.0,0.0,0.0,1000000.0,1617093116.857397,0.01,1.5,0.0,,,,,,,,,,,,,,,,,,,,,,,,,,,,,,,,,,,,,,,,,,,,,,,,,,,,,,,
48,3006402,3032466.0,12707.03570532179,331533176.0011799,0.0,0.0,0.0,1000000.0,1658665880.0058994,0.01,1.5,0.0,,,,,,,,,,,,,,,,,,,,,,,,,,,,,,,,,,,,,,,,,,,,,,,,,,,,,,,
49,3006495,3020441.0,15159.857340904966,330426590.2354382,0.0,0.0,0.0,1000000.0,1653132951.1771913,0.01,1.5,0.0,,,,,,,,,,,,,,,,,,,,,,,,,,,,,,,,,,,,,,,,,,,,,,,,,,,,,,,
50,3006794,3041065.0,9902.839494218442,337965972.39738345,0.0,0.0,0.0,1000000.0,1690829861.9869173,0.01,1.5,0.0,,,,,,,,,,,,,,,,,,,,,,,,,,,,,,,,,,,,,,,,,,,,,,,,,,,,,,,
51,3006967,3023867.0,16080.500771034394,339586153.4451711,0.0,0.0,0.0,1000000.0,1698930767.2258556,0.01,1.5,0.0,,,,,,,,,,,,,,,,,,,,,,,,,,,,,,,,,,,,,,,,,,,,,,,,,,,,,,,
52,3007073,3029445.0,22967.498896298115,342899762.8837262,0.0,0.0,0.0,1000000.0,1715498814.4186308,0.01,1.5,0.0,,,,,,,,,,,,,,,,,,,,,,,,,,,,,,,,,,,,,,,,,,,,,,,,,,,,,,,
53,3007295,3022411.0,14243.940214005226,346071996.5196907,0.0,0.0,0.0,1000000.0,1731359982.5984535,0.01,1.5,0.0,,,,,,,,,,,,,,,,,,,,,,,,,,,,,,,,,,,,,,,,,,,,,,,,,,,,,,,
54,3007727,3041657.0,35134.778181505564,351058934.631217,0.0,0.0,0.0,1000000.0,1756294673.156085,0.01,1.5,0.0,,,,,,,,,,,,,,,,,,,,,,,,,,,,,,,,,,,,,,,,,,,,,,,,,,,,,,,
55,3007808,3022411.0,17776.719971189385,355941092.07104987,0.0,0.0,0.0,1000000.0,1780705460.3552494,0.01,1.5,0.0,,,,,,,,,,,,,,,,,,,,,,,,,,,,,,,,,,,,,,,,,,,,,,,,,,,,,,,
56,3007854,3042589.0,13954.52241285454,357312525.85874367,0.0,0.0,0.0,1000000.0,1787562629.2937183,0.01,1.5,0.0,,,,,,,,,,,,,,,,,,,,,,,,,,,,,,,,,,,,,,,,,,,,,,,,,,,,,,,
57,3007870,3034661.0,3815.1812750871886,352549501.593468,0.0,0.0,0.0,1000000.0,1763747507.96734,0.01,1.5,0.0,,,,,,,,,,,,,,,,,,,,,,,,,,,,,,,,,,,,,,,,,,,,,,,,,,,,,,,
58,3008208,3021795.0,25407.803745717807,359874464.78482354,0.0,0.0,0.0,1000000.0,1800372323.9241176,0.01,1.5,0.0,,,,,,,,,,,,,,,,,,,,,,,,,,,,,,,,,,,,,,,,,,,,,,,,,,,,,,,
59,3008431,3026210.0,19935.97819296945,368006247.8679182,0.0,0.0,0.0,1000000.0,1841031239.339591,0.01,1.5,0.0,,,,,,,,,,,,,,,,,,,,,,,,,,,,,,,,,,,,,,,,,,,,,,,,,,,,,,,
60,3008462,3020441.0,13068.966341358451,365626656.3277093,0.0,0.0,0.0,1000000.0,1829133281.6385465,0.01,1.5,0.0,,,,,,,,,,,,,,,,,,,,,,,,,,,,,,,,,,,,,,,,,,,,,,,,,,,,,,,
61,3008732,3032125.0,18006.259492595433,370958332.4233165,0.0,0.0,0.0,1000000.0,1855791662.1165824,0.01,1.5,0.0,,,,,,,,,,,,,,,,,,,,,,,,,,,,,,,,,,,,,,,,,,,,,,,,,,,,,,,
62,3008819,3030396.0,17864.212716316,374167293.07643664,0.0,0.0,0.0,1000000.0,1871836465.382183,0.01,1.5,0.0,,,,,,,,,,,,,,,,,,,,,,,,,,,,,,,,,,,,,,,,,,,,,,,,,,,,,,,
63,3008912,3029997.0,21270.542601915527,374000741.1523663,0.0,0.0,0.0,1000000.0,1871003705.7618313,0.01,1.5,0.0,,,,,,,,,,,,,,,,,,,,,,,,,,,,,,,,,,,,,,,,,,,,,,,,,,,,,,,
64,3008979,3044063.0,18098.69004519924,375830415.9760423,0.0,0.0,0.0,1000000.0,1880152079.8802114,0.01,1.5,0.0,,,,,,,,,,,,,,,,,,,,,,,,,,,,,,,,,,,,,,,,,,,,,,,,,,,,,,,
65,3009339,7007547.0,1970.969736430436,363131172.88376856,0.0,0.0,0.0,1000000.0,1816655864.4188428,0.01,1.5,0.0,,,,,,,,,,,,,,,,,,,,,,,,,,,,,,,,,,,,,,,,,,,,,,,,,,,,,,,
66,3009572,3021528.0,18317.913832667906,385075979.99427,0.0,0.0,0.0,1000000.0,1926379899.9713502,0.01,1.5,0.0,,,,,,,,,,,,,,,,,,,,,,,,,,,,,,,,,,,,,,,,,,,,,,,,,,,,,,,
67,3009631,3030079.0,18581.496268294806,390608678.98282105,0.0,0.0,0.0,1000000.0,1954043394.9141052,0.01,1.5,0.0,,,,,,,,,,,,,,,,,,,,,,,,,,,,,,,,,,,,,,,,,,,,,,,,,,,,,,,
68,3009685,3024738.0,10662.373641054728,386901758.1042216,0.0,0.0,0.0,1000000.0,1935508790.521108,0.01,1.5,0.0,,,,,,,,,,,,,,,,,,,,,,,,,,,,,,,,,,,,,,,,,,,,,,,,,,,,,,,
69,3010194,7007867.0,21112.40578248709,401268285.77236456,0.0,0.0,0.0,1000000.0,2007341428.8618228,0.01,1.5,0.0,,,,,,,,,,,,,,,,,,,,,,,,,,,,,,,,,,,,,,,,,,,,,,,,,,,,,,,
70,3010489,3041812.0,11136.884277633666,408033738.3096848,0.0,0.0,0.0,1000000.0,2041168691.548424,0.01,1.5,0.0,,,,,,,,,,,,,,,,,,,,,,,,,,,,,,,,,,,,,,,,,,,,,,,,,,,,,,,
71,3010830,3025816.0,12262.70888100228,417090712.7355282,0.0,0.0,0.0,1000000.0,2086453563.677641,0.01,1.5,0.0,,,,,,,,,,,,,,,,,,,,,,,,,,,,,,,,,,,,,,,,,,,,,,,,,,,,,,,
72,3011001,3043973.0,18956.18868425968,415695205.561169,0.0,0.0,0.0,1000000.0,2079476027.8058453,0.01,1.5,0.0,,,,,,,,,,,,,,,,,,,,,,,,,,,,,,,,,,,,,,,,,,,,,,,,,,,,,,,
73,3011151,3034774.0,17991.25055928215,424536087.93431664,0.0,0.0,0.0,1000000.0,2123680439.6715832,0.01,1.5,0.0,,,,,,,,,,,,,,,,,,,,,,,,,,,,,,,,,,,,,,,,,,,,,,,,,,,,,,,
74,3011485,3030854.0,36875.72861793319,429732042.8671325,0.0,0.0,0.0,1000000.0,2149660214.3356624,0.01,1.5,0.0,,,,,,,,,,,,,,,,,,,,,,,,,,,,,,,,,,,,,,,,,,,,,,,,,,,,,,,
75,3011516,3035778.0,18465.339947602013,432143980.9527927,0.0,0.0,0.0,1000000.0,2161719904.7639637,0.01,1.5,0.0,,,,,,,,,,,,,,,,,,,,,,,,,,,,,,,,,,,,,,,,,,,,,,,,,,,,,,,
76,3011657,3031741.0,18996.713338341207,434029910.6443912,0.0,0.0,0.0,1000000.0,2171149553.221956,0.01,1.5,0.0,,,,,,,,,,,,,,,,,,,,,,,,,,,,,,,,,,,,,,,,,,,,,,,,,,,,,,,
77,3011754,3040625.0,10308.108049692742,435912413.0414214,0.0,0.0,0.0,1000000.0,2180562065.207107,0.01,1.5,0.0,,,,,,,,,,,,,,,,,,,,,,,,,,,,,,,,,,,,,,,,,,,,,,,,,,,,,,,
78,3011823,3027368.0,13804.412045465402,442031512.5029514,0.0,0.0,0.0,1000000.0,2211157562.514757,0.01,1.5,0.0,,,,,,,,,,,,,,,,,,,,,,,,,,,,,,,,,,,,,,,,,,,,,,,,,,,,,,,
79,3011829,3024800.0,31773.252899556897,438313225.1420048,0.0,0.0,0.0,1000000.0,2192566125.710024,0.01,1.5,0.0,,,,,,,,,,,,,,,,,,,,,,,,,,,,,,,,,,,,,,,,,,,,,,,,,,,,,,,
80,3012264,3027368.0,16430.049212918962,451633623.805693,0.0,0.0,0.0,1000000.0,2259168119.028465,0.01,1.5,0.0,,,,,,,,,,,,,,,,,,,,,,,,,,,,,,,,,,,,,,,,,,,,,,,,,,,,,,,
81,3012331,7000643.0,23958.244335072417,449276376.4722359,0.0,0.0,0.0,1000000.0,2247381882.3611794,0.01,1.5,0.0,,,,,,,,,,,,,,,,,,,,,,,,,,,,,,,,,,,,,,,,,,,,,,,,,,,,,,,
82,3013026,7100498.0,11138.422782882515,467897553.9187565,0.0,0.0,0.0,1000000.0,2340487769.5937824,0.01,1.5,0.0,,,,,,,,,,,,,,,,,,,,,,,,,,,,,,,,,,,,,,,,,,,,,,,,,,,,,,,
83,3013081,3021795.0,34886.32001096687,468190462.4168924,0.0,0.0,0.0,1000000.0,2341952312.084462,0.01,1.5,0.0,,,,,,,,,,,,,,,,,,,,,,,,,,,,,,,,,,,,,,,,,,,,,,,,,,,,,,,
84,3013390,3038979.0,41589.307796419256,476247645.3693744,0.0,0.0,0.0,1000000.0,2382238226.846872,0.01,1.5,0.0,,,,,,,,,,,,,,,,,,,,,,,,,,,,,,,,,,,,,,,,,,,,,,,,,,,,,,,
85,3013448,3024800.0,6869.480396302167,480170035.87183774,0.0,0.0,0.0,1000000.0,2401850179.3591886,0.01,1.5,0.0,,,,,,,,,,,,,,,,,,,,,,,,,,,,,,,,,,,,,,,,,,,,,,,,,,,,,,,
86,3013611,7007547.0,29186.082229067284,487272843.6926398,0.0,0.0,0.0,1000000.0,2437364218.463199,0.01,1.5,0.0,,,,,,,,,,,,,,,,,,,,,,,,,,,,,,,,,,,,,,,,,,,,,,,,,,,,,,,
87,3013746,3043975.0,13572.113264111616,487053338.6011563,0.0,0.0,0.0,1000000.0,2436266693.0057817,0.01,1.5,0.0,,,,,,,,,,,,,,,,,,,,,,,,,,,,,,,,,,,,,,,,,,,,,,,,,,,,,,,
88,3013976,3030143.0,6006.042700560137,500316797.6147694,0.0,0.0,0.0,1000000.0,2502583988.073847,0.01,1.5,0.0,,,,,,,,,,,,,,,,,,,,,,,,,,,,,,,,,,,,,,,,,,,,,,,,,,,,,,,
89,3014231,7007867.0,1.0,483024002.15824807,0.0,0.0,0.0,1000000.0,2416120010.79124,0.01,1.5,0.0,,,,,,,,,,,,,,,,,,,,,,,,,,,,,,,,,,,,,,,,,,,,,,,,,,,,,,,
90,3014275,7000643.0,13066.770972655102,499517499.62667793,0.0,0.0,0.0,1000000.0,2498587498.1333895,0.01,1.5,0.0,,,,,,,,,,,,,,,,,,,,,,,,,,,,,,,,,,,,,,,,,,,,,,,,,,,,,,,
91,3014453,3032720.0,34177.394141220255,517709581.9648528,0.0,0.0,0.0,1000000.0,2589547909.824264,0.01,1.5,0.0,,,,,,,,,,,,,,,,,,,,,,,,,,,,,,,,,,,,,,,,,,,,,,,,,,,,,,,
92,3014497,3026664.0,25713.98654210816,513332190.328456,0.0,0.0,0.0,1000000.0,2567660951.64228,0.01,1.5,0.0,,,,,,,,,,,,,,,,,,,,,,,,,,,,,,,,,,,,,,,,,,,,,,,,,,,,,,,
93,3014628,3040593.0,23058.12928891853,518946259.053149,0.0,0.0,0.0,1000000.0,2595731295.265745,0.01,1.5,0.0,,,,,,,,,,,,,,,,,,,,,,,,,,,,,,,,,,,,,,,,,,,,,,,,,,,,,,,
94,3014791,3030738.0,14782.051798546496,524166221.1745918,0.0,0.0,0.0,1000000.0,2621831105.872959,0.01,1.5,0.0,,,,,,,,,,,,,,,,,,,,,,,,,,,,,,,,,,,,,,,,,,,,,,,,,,,,,,,
95,3014862,3021928.0,20418.774097646157,530107662.096608,0.0,0.0,0.0,1000000.0,2651538310.48304,0.01,1.5,0.0,,,,,,,,,,,,,,,,,,,,,,,,,,,,,,,,,,,,,,,,,,,,,,,,,,,,,,,
96,3014941,7100498.0,12287.534001812764,526986000.77044445,0.0,0.0,0.0,1000000.0,2635930003.8522224,0.01,1.5,0.0,,,,,,,,,,,,,,,,,,,,,,,,,,,,,,,,,,,,,,,,,,,,,,,,,,,,,,,
97,3015031,3027598.0,33704.99930454742,529418964.6647121,0.0,0.0,0.0,1000000.0,2648094823.32356,0.01,1.5,0.0,,,,,,,,,,,,,,,,,,,,,,,,,,,,,,,,,,,,,,,,,,,,,,,,,,,,,,,
98,3015152,3033384.0,60892.94700294068,535212546.6455874,0.0,0.0,0.0,1000000.0,2677062733.2279367,0.01,1.5,0.0,,,,,,,,,,,,,,,,,,,,,,,,,,,,,,,,,,,,,,,,,,,,,,,,,,,,,,,
99,3015586,3042525.0,69729.5377949764,555352209.5900393,0.0,0.0,0.0,1000000.0,2777761047.9501963,0.01,1.5,0.0,,,,,,,,,,,,,,,,,,,,,,,,,,,,,,,,,,,,,,,,,,,,,,,,,,,,,,,
100,3015660,3023314.0,29872.932033743356,557182783.8622484,0.0,0.0,0.0,1000000.0,2786913919.311242,0.01,1.5,0.0,,,,,,,,,,,,,,,,,,,,,,,,,,,,,,,,,,,,,,,,,,,,,,,,,,,,,,,
101,3016005,3030413.0,28571.7266108959,564177728.8641644,0.0,0.0,0.0,1000000.0,2821888644.320822,0.01,1.5,0.0,,,,,,,,,,,,,,,,,,,,,,,,,,,,,,,,,,,,,,,,,,,,,,,,,,,,,,,
102,3016302,3028999.0,28276.068950215893,574907262.3111552,0.0,0.0,0.0,1000000.0,2875536311.555776,0.01,1.5,0.0,,,,,,,,,,,,,,,,,,,,,,,,,,,,,,,,,,,,,,,,,,,,,,,,,,,,,,,
103,3016827,7007209.0,21.000601035974363,516002909.76640975,0.0,0.0,0.0,1000000.0,2581014548.832049,0.01,1.5,0.0,,,,,,,,,,,,,,,,,,,,,,,,,,,,,,,,,,,,,,,,,,,,,,,,,,,,,,,
104,3017071,3028312.0,55436.81339052552,603930545.0676353,0.0,0.0,0.0,1000000.0,3020652725.3381767,0.01,1.5,0.0,,,,,,,,,,,,,,,,,,,,,,,,,,,,,,,,,,,,,,,,,,,,,,,,,,,,,,,
105,3017748,3029355.0,27961.75739285761,630915213.2250473,0.0,0.0,0.0,1000000.0,3155576066.1252365,0.01,1.5,0.0,,,,,,,,,,,,,,,,,,,,,,,,,,,,,,,,,,,,,,,,,,,,,,,,,,,,,,,
106,3017838,7000643.0,1.0,589460537.2354958,0.0,0.0,0.0,1000000.0,2948302686.177479,0.01,1.5,0.0,,,,,,,,,,,,,,,,,,,,,,,,,,,,,,,,,,,,,,,,,,,,,,,,,,,,,,,
107,3018060,3037796.0,42794.12747447212,649577541.9142376,0.0,0.0,0.0,1000000.0,3248887709.571188,0.01,1.5,0.0,,,,,,,,,,,,,,,,,,,,,,,,,,,,,,,,,,,,,,,,,,,,,,,,,,,,,,,
108,3018105,3028312.0,36940.026202698464,645620257.1707988,0.0,0.0,0.0,1000000.0,3229101285.853994,0.01,1.5,0.0,,,,,,,,,,,,,,,,,,,,,,,,,,,,,,,,,,,,,,,,,,,,,,,,,,,,,,,
109,3018218,3031629.0,50116.561323475726,650015603.1461716,0.0,0.0,0.0,1000000.0,3251078015.730858,0.01,1.5,0.0,,,,,,,,,,,,,,,,,,,,,,,,,,,,,,,,,,,,,,,,,,,,,,,,,,,,,,,
110,3018261,3029448.0,33271.30652994923,654987544.940512,0.0,0.0,0.0,1000000.0,3275937724.7025595,0.01,1.5,0.0,,,,,,,,,,,,,,,,,,,,,,,,,,,,,,,,,,,,,,,,,,,,,,,,,,,,,,,
111,3018416,3044094.0,29435.675299681137,664457910.4720439,0.0,0.0,0.0,1000000.0,3323289552.3602195,0.01,1.5,0.0,,,,,,,,,,,,,,,,,,,,,,,,,,,,,,,,,,,,,,,,,,,,,,,,,,,,,,,
112,3018561,3032856.0,34488.678416896764,664330692.5916113,0.0,0.0,0.0,1000000.0,3322653462.9580564,0.01,1.5,0.0,,,,,,,,,,,,,,,,,,,,,,,,,,,,,,,,,,,,,,,,,,,,,,,,,,,,,,,
113,3018570,3042412.0,47211.31108191183,667505059.0016874,0.0,0.0,0.0,1000000.0,3338525295.008437,0.01,1.5,0.0,,,,,,,,,,,,,,,,,,,,,,,,,,,,,,,,,,,,,,,,,,,,,,,,,,,,,,,
114,3018620,3034098.0,40598.530418172006,672476608.9687023,0.0,0.0,0.0,1000000.0,3363383044.8435116,0.01,1.5,0.0,,,,,,,,,,,,,,,,,,,,,,,,,,,,,,,,,,,,,,,,,,,,,,,,,,,,,,,
115,3018830,3036346.0,40552.02182061203,686374977.247644,0.0,0.0,0.0,1000000.0,3432874886.2382197,0.01,1.5,0.0,,,,,,,,,,,,,,,,,,,,,,,,,,,,,,,,,,,,,,,,,,,,,,,,,,,,,,,
116,3019668,7007558.0,18587.410283415997,101872520.56511708,0.0,0.0,0.0,1000000.0,510362602.82558537,0.01,1.5,0.0,,,,,,,,,,,,,,,,,,,,,,,,,,,,,,,,,,,,,,,,,,,,,,,,,,,,,,,
117,3019794,3030067.0,32404.829149304816,730721402.1922385,0.0,0.0,0.0,1000000.0,3654607010.961192,0.01,1.5,0.0,,,,,,,,,,,,,,,,,,,,,,,,,,,,,,,,,,,,,,,,,,,,,,,,,,,,,,,
118,3020027,3025858.0,83533.75641873584,745615035.3483173,0.0,0.0,0.0,1000000.0,3729075176.741586,0.01,1.5,0.0,,,,,,,,,,,,,,,,,,,,,,,,,,,,,,,,,,,,,,,,,,,,,,,,,,,,,,,
119,3020150,3032924.0,65215.53076794618,747750516.4484433,0.0,0.0,0.0,1000000.0,3739752582.2422166,0.01,1.5,0.0,,,,,,,,,,,,,,,,,,,,,,,,,,,,,,,,,,,,,,,,,,,,,,,,,,,,,,,
120,3020366,3040544.0,53502.83223575426,760611470.2531517,0.0,0.0,0.0,1000000.0,3804057351.2657585,0.01,1.5,0.0,,,,,,,,,,,,,,,,,,,,,,,,,,,,,,,,,,,,,,,,,,,,,,,,,,,,,,,
121,3020441,3041376.0,17250.020071262545,68274697.51321064,0.0,0.0,0.0,1000000.0,342373487.5660532,0.01,1.5,0.0,,,,,,,,,,,,,,,,,,,,,,,,,,,,,,,,,,,,,,,,,,,,,,,,,,,,,,,
122,3020893,3034090.0,53213.73036013486,796040904.4098612,0.0,0.0,0.0,1000000.0,3981204522.049306,0.01,1.5,0.0,,,,,,,,,,,,,,,,,,,,,,,,,,,,,,,,,,,,,,,,,,,,,,,,,,,,,,,
123,3021528,3043993.0,14278.382060043034,141620786.2062556,0.0,0.0,0.0,1000000.0,709103931.0312781,0.01,1.5,0.0,,,,,,,,,,,,,,,,,,,,,,,,,,,,,,,,,,,,,,,,,,,,,,,,,,,,,,,
124,3021587,3031311.0,52498.36565858565,840650958.4518518,0.0,0.0,0.0,1000000.0,4204254792.259259,0.01,1.5,0.0,,,,,,,,,,,,,,,,,,,,,,,,,,,,,,,,,,,,,,,,,,,,,,,,,,,,,,,
125,3021795,3028999.0,7065.409771192563,19548607.585728217,0.0,0.0,0.0,1000000.0,98743037.92864108,0.01,1.5,0.0,,,,,,,,,,,,,,,,,,,,,,,,,,,,,,,,,,,,,,,,,,,,,,,,,,,,,,,
126,3021928,3042570.0,14573.12583013168,87097614.7073791,0.0,0.0,0.0,1000000.0,436488073.5368955,0.01,1.5,0.0,,,,,,,,,,,,,,,,,,,,,,,,,,,,,,,,,,,,,,,,,,,,,,,,,,,,,,,
127,3022041,3034530.0,43922.51569902011,871293995.4445654,0.0,0.0,0.0,1000000.0,4357469977.222827,0.01,1.5,0.0,,,,,,,,,,,,,,,,,,,,,,,,,,,,,,,,,,,,,,,,,,,,,,,,,,,,,,,
128,3022052,3030067.0,77363.42835905582,870392168.7266679,0.0,0.0,0.0,1000000.0,4352960843.633339,0.01,1.5,0.0,,,,,,,,,,,,,,,,,,,,,,,,,,,,,,,,,,,,,,,,,,,,,,,,,,,,,,,
129,3022164,3035647.0,74352.52067798504,871541943.9457957,0.0,0.0,0.0,1000000.0,4358709719.728978,0.01,1.5,0.0,,,,,,,,,,,,,,,,,,,,,,,,,,,,,,,,,,,,,,,,,,,,,,,,,,,,,,,
130,3022302,7007209.0,50295.54506734814,882646658.6524619,0.0,0.0,0.0,1000000.0,4414233293.262309,0.01,1.5,0.0,,,,,,,,,,,,,,,,,,,,,,,,,,,,,,,,,,,,,,,,,,,,,,,,,,,,,,,
131,3022367,3031629.0,55267.26285398525,890276457.0444748,0.0,0.0,0.0,1000000.0,4452382285.222374,0.01,1.5,0.0,,,,,,,,,,,,,,,,,,,,,,,,,,,,,,,,,,,,,,,,,,,,,,,,,,,,,,,
132,3022411,3029895.0,13549.276109181868,197385894.7160093,0.0,0.0,0.0,1000000.0,987929473.5800464,0.01,1.5,0.0,,,,,,,,,,,,,,,,,,,,,,,,,,,,,,,,,,,,,,,,,,,,,,,,,,,,,,,
133,3022587,3030396.0,72606.89288298893,910083247.6698486,0.0,0.0,0.0,1000000.0,4551416238.349243,0.01,1.5,0.0,,,,,,,,,,,,,,,,,,,,,,,,,,,,,,,,,,,,,,,,,,,,,,,,,,,,,,,
134,3022708,3031982.0,86603.1564629497,919967271.0092876,0.0,0.0,0.0,1000000.0,4600836355.046438,0.01,1.5,0.0,,,,,,,,,,,,,,,,,,,,,,,,,,,,,,,,,,,,,,,,,,,,,,,,,,,,,,,
135,3022870,3027598.0,63346.75387780405,929421661.943037,0.0,0.0,0.0,1000000.0,4648108309.715185,0.01,1.5,0.0,,,,,,,,,,,,,,,,,,,,,,,,,,,,,,,,,,,,,,,,,,,,,,,,,,,,,,,
136,3022963,3035173.0,16673.82633302816,72788421.9700103,0.0,0.0,0.0,1000000.0,364942109.85005146,0.01,1.5,0.0,,,,,,,,,,,,,,,,,,,,,,,,,,,,,,,,,,,,,,,,,,,,,,,,,,,,,,,
137,3022980,3030965.0,78349.89892994585,943157656.281938,0.0,0.0,0.0,1000000.0,4716788281.40969,0.01,1.5,0.0,,,,,,,,,,,,,,,,,,,,,,,,,,,,,,,,,,,,,,,,,,,,,,,,,,,,,,,
138,3023005,3029175.0,58249.6260206621,949229123.0164708,0.0,0.0,0.0,1000000.0,4747145615.082354,0.01,1.5,0.0,,,,,,,,,,,,,,,,,,,,,,,,,,,,,,,,,,,,,,,,,,,,,,,,,,,,,,,
139,3023105,3042499.0,60786.031094818274,959154413.3316844,0.0,0.0,0.0,1000000.0,4796772066.6584215,0.01,1.5,0.0,,,,,,,,,,,,,,,,,,,,,,,,,,,,,,,,,,,,,,,,,,,,,,,,,,,,,,,
140,3023172,7007558.0,77079.14282966786,956377811.41578,0.0,0.0,0.0,1000000.0,4782889057.078899,0.01,1.5,0.0,,,,,,,,,,,,,,,,,,,,,,,,,,,,,,,,,,,,,,,,,,,,,,,,,,,,,,,
141,3023314,3038730.0,15190.943164830243,95898880.51203232,0.0,0.0,0.0,1000000.0,480494402.5601616,0.01,1.5,0.0,,,,,,,,,,,,,,,,,,,,,,,,,,,,,,,,,,,,,,,,,,,,,,,,,,,,,,,
142,3023606,3029448.0,74065.254838865,995633364.9870588,0.0,0.0,0.0,1000000.0,4979166824.935294,0.01,1.5,0.0,,,,,,,,,,,,,,,,,,,,,,,,,,,,,,,,,,,,,,,,,,,,,,,,,,,,,,,
143,3023867,3031982.0,48708.69595136476,388148810.4229336,0.0,0.0,0.0,1000000.0,1941744052.114668,0.01,1.5,0.0,,,,,,,,,,,,,,,,,,,,,,,,,,,,,,,,,,,,,,,,,,,,,,,,,,,,,,,
144,3023880,3029445.0,55202.793481649685,1026525260.930471,0.0,0.0,0.0,1000000.0,5133626304.652355,0.01,1.5,0.0,,,,,,,,,,,,,,,,,,,,,,,,,,,,,,,,,,,,,,,,,,,,,,,,,,,,,,,
145,3023983,3030965.0,80402.04709475333,1035399165.1349796,0.0,0.0,0.0,1000000.0,5177995825.674898,0.01,1.5,0.0,,,,,,,,,,,,,,,,,,,,,,,,,,,,,,,,,,,,,,,,,,,,,,,,,,,,,,,
146,3023996,7008051.0,53978.07717132234,1028227158.1958524,0.0,0.0,0.0,1000000.0,5142135790.979262,0.01,1.5,0.0,,,,,,,,,,,,,,,,,,,,,,,,,,,,,,,,,,,,,,,,,,,,,,,,,,,,,,,
147,3024104,3030886.0,93753.6111886616,1041324548.1829988,0.0,0.0,0.0,1000000.0,5207622740.914994,0.01,1.5,0.0,,,,,,,,,,,,,,,,,,,,,,,,,,,,,,,,,,,,,,,,,,,,,,,,,,,,,,,
148,3024181,3031311.0,65079.6543779737,1047888869.757948,0.0,0.0,0.0,1000000.0,5240444348.789741,0.01,1.5,0.0,,,,,,,,,,,,,,,,,,,,,,,,,,,,,,,,,,,,,,,,,,,,,,,,,,,,,,,
149,3024728,3030738.0,58678.46719022536,1099205037.535861,0.0,0.0,0.0,1000000.0,5497025187.679305,0.01,1.5,0.0,,,,,,,,,,,,,,,,,,,,,,,,,,,,,,,,,,,,,,,,,,,,,,,,,,,,,,,
150,3024738,3029271.0,58023.921308944446,423810793.1451874,0.0,0.0,0.0,1000000.0,2120053965.725937,0.01,1.5,0.0,,,,,,,,,,,,,,,,,,,,,,,,,,,,,,,,,,,,,,,,,,,,,,,,,,,,,,,
151,3024750,3030886.0,112887.5102124984,1103969807.4077394,0.0,0.0,0.0,1000000.0,5520849037.038697,0.01,1.5,0.0,,,,,,,,,,,,,,,,,,,,,,,,,,,,,,,,,,,,,,,,,,,,,,,,,,,,,,,
152,3024800,3041469.0,25437.24592946665,191606002.2473228,0.0,0.0,0.0,1000000.0,959030011.236614,0.01,1.5,0.0,,,,,,,,,,,,,,,,,,,,,,,,,,,,,,,,,,,,,,,,,,,,,,,,,,,,,,,
153,3025287,3029997.0,53339.90977435648,1171636136.5268223,0.0,0.0,0.0,1000000.0,5859180682.634111,0.01,1.5,0.0,,,,,,,,,,,,,,,,,,,,,,,,,,,,,,,,,,,,,,,,,,,,,,,,,,,,,,,
154,3025433,3029355.0,67266.02555370328,1181738224.5385902,0.0,0.0,0.0,1000000.0,5909691122.692951,0.01,1.5,0.0,,,,,,,,,,,,,,,,,,,,,,,,,,,,,,,,,,,,,,,,,,,,,,,,,,,,,,,
155,3025508,3040978.0,81673.43109141993,1193068734.147832,0.0,0.0,0.0,1000000.0,5966343670.73916,0.01,1.5,0.0,,,,,,,,,,,,,,,,,,,,,,,,,,,,,,,,,,,,,,,,,,,,,,,,,,,,,,,
156,3025607,3038322.0,106527.46421999946,1200723570.494876,0.0,0.0,0.0,1000000.0,6004617852.47438,0.01,1.5,0.0,,,,,,,,,,,,,,,,,,,,,,,,,,,,,,,,,,,,,,,,,,,,,,,,,,,,,,,
157,3025816,7008051.0,40901.96138934108,501965743.10237336,0.0,0.0,0.0,1000000.0,2510828715.5118666,0.01,1.5,0.0,,,,,,,,,,,,,,,,,,,,,,,,,,,,,,,,,,,,,,,,,,,,,,,,,,,,,,,
158,3025858,3034304.0,22211.574597586183,171130735.0086895,0.0,0.0,0.0,1000000.0,856653675.0434475,0.01,1.5,0.0,,,,,,,,,,,,,,,,,,,,,,,,,,,,,,,,,,,,,,,,,,,,,,,,,,,,,,,
159,3025995,3043021.0,19873.285655817832,248802542.10873097,0.0,0.0,0.0,1000000.0,1245012710.543655,0.01,1.5,0.0,,,,,,,,,,,,,,,,,,,,,,,,,,,,,,,,,,,,,,,,,,,,,,,,,,,,,,,
160,3026210,3030413.0,75846.68087967284,640975188.3732119,0.0,0.0,0.0,1000000.0,3205875941.8660593,0.01,1.5,0.0,,,,,,,,,,,,,,,,,,,,,,,,,,,,,,,,,,,,,,,,,,,,,,,,,,,,,,,
161,3026395,3036848.0,10899.210607188748,376584774.3147788,0.0,0.0,0.0,1000000.0,1883923871.573894,0.01,1.5,0.0,,,,,,,,,,,,,,,,,,,,,,,,,,,,,,,,,,,,,,,,,,,,,,,,,,,,,,,
162,3026457,3030143.0,91301.5737878631,1313643833.0831769,0.0,0.0,0.0,1000000.0,6569219165.415884,0.01,1.5,0.0,,,,,,,,,,,,,,,,,,,,,,,,,,,,,,,,,,,,,,,,,,,,,,,,,,,,,,,
163,3026664,3029043.0,53815.31010926952,558093078.9256884,0.0,0.0,0.0,1000000.0,2791465394.628442,0.01,1.5,0.0,,,,,,,,,,,,,,,,,,,,,,,,,,,,,,,,,,,,,,,,,,,,,,,,,,,,,,,
164,3026990,3041952.0,112972.85006318896,1391024415.547706,0.0,0.0,0.0,1000000.0,6956122077.738529,0.01,1.5,0.0,,,,,,,,,,,,,,,,,,,,,,,,,,,,,,,,,,,,,,,,,,,,,,,,,,,,,,,
165,3027368,3034953.0,58414.71635984686,563837408.5869727,0.0,0.0,0.0,1000000.0,2820187042.9348636,0.01,1.5,0.0,,,,,,,,,,,,,,,,,,,,,,,,,,,,,,,,,,,,,,,,,,,,,,,,,,,,,,,
166,3027598,3035467.0,7275.930179429361,21945959.77104005,0.0,0.0,0.0,1000000.0,110729798.85520025,0.01,1.5,0.0,,,,,,,,,,,,,,,,,,,,,,,,,,,,,,,,,,,,,,,,,,,,,,,,,,,,,,,
167,3028180,3030079.0,12683.280759339028,99101093.63218336,0.0,0.0,0.0,1000000.0,496505468.1609168,0.01,1.5,0.0,,,,,,,,,,,,,,,,,,,,,,,,,,,,,,,,,,,,,,,,,,,,,,,,,,,,,,,
168,3028312,3034731.0,49044.615263798914,350855824.22023386,0.0,0.0,0.0,1000000.0,1755279121.1011693,0.01,1.5,0.0,,,,,,,,,,,,,,,,,,,,,,,,,,,,,,,,,,,,,,,,,,,,,,,,,,,,,,,
169,3028999,3034661.0,41190.95955827289,309639649.26925695,0.0,0.0,0.0,1000000.0,1549198246.3462849,0.01,1.5,0.0,,,,,,,,,,,,,,,,,,,,,,,,,,,,,,,,,,,,,,,,,,,,,,,,,,,,,,,
170,3029043,3032466.0,17981.810110906397,87873408.46091197,0.0,0.0,0.0,1000000.0,440367042.3045599,0.01,1.5,0.0,,,,,,,,,,,,,,,,,,,,,,,,,,,,,,,,,,,,,,,,,,,,,,,,,,,,,,,
171,3029175,3034304.0,68266.94456707514,539386144.6491503,0.0,0.0,0.0,1000000.0,2697930723.2457514,0.01,1.5,0.0,,,,,,,,,,,,,,,,,,,,,,,,,,,,,,,,,,,,,,,,,,,,,,,,,,,,,,,
172,3029271,3039977.0,45028.90348672915,398696755.3538764,0.0,0.0,0.0,1000000.0,1994483776.769382,0.01,1.5,0.0,,,,,,,,,,,,,,,,,,,,,,,,,,,,,,,,,,,,,,,,,,,,,,,,,,,,,,,
173,3029355,3031741.0,518.9730453974807,1001134.8565458888,0.0,0.0,0.0,1000000.0,6005674.282729444,0.01,1.5,0.0,,,,,,,,,,,,,,,,,,,,,,,,,,,,,,,,,,,,,,,,,,,,,,,,,,,,,,,
174,3029445,3041630.0,54970.88731282537,482311059.1415825,0.0,0.0,0.0,1000000.0,2412555295.7079124,0.01,1.5,0.0,,,,,,,,,,,,,,,,,,,,,,,,,,,,,,,,,,,,,,,,,,,,,,,,,,,,,,,
175,3029448,3032125.0,26181.230923210136,186832707.4466108,0.0,0.0,0.0,1000000.0,935163537.233054,0.01,1.5,0.0,,,,,,,,,,,,,,,,,,,,,,,,,,,,,,,,,,,,,,,,,,,,,,,,,,,,,,,
176,3029895,7008051.0,71843.9839156385,733343003.0364397,0.0,0.0,0.0,1000000.0,3667715015.1821985,0.01,1.5,0.0,,,,,,,,,,,,,,,,,,,,,,,,,,,,,,,,,,,,,,,,,,,,,,,,,,,,,,,
177,3029981,3041310.0,86555.24606822882,1968177731.126868,0.0,0.0,0.0,1000000.0,9841888655.63434,0.01,1.5,0.0,,,,,,,,,,,,,,,,,,,,,,,,,,,,,,,,,,,,,,,,,,,,,,,,,,,,,,,
178,3029997,3032856.0,60051.909866956186,420399107.5592647,0.0,0.0,0.0,1000000.0,2102995537.7963235,0.01,1.5,0.0,,,,,,,,,,,,,,,,,,,,,,,,,,,,,,,,,,,,,,,,,,,,,,,,,,,,,,,
179,3030067,3032149.0,26364.390409242864,380951618.3100696,0.0,0.0,0.0,1000000.0,1905758091.550348,0.01,1.5,0.0,,,,,,,,,,,,,,,,,,,,,,,,,,,,,,,,,,,,,,,,,,,,,,,,,,,,,,,
180,3030079,3040493.0,6225.409888444431,11538242.881783966,0.0,0.0,0.0,1000000.0,58691214.408919826,0.01,1.5,0.0,,,,,,,,,,,,,,,,,,,,,,,,,,,,,,,,,,,,,,,,,,,,,,,,,,,,,,,
181,3030143,3031252.0,37098.90395829144,191163285.71391064,0.0,0.0,0.0,1000000.0,956816428.5695531,0.01,1.5,0.0,,,,,,,,,,,,,,,,,,,,,,,,,,,,,,,,,,,,,,,,,,,,,,,,,,,,,,,
182,3030396,3034953.0,75579.38144562664,783305421.281522,0.0,0.0,0.0,1000000.0,3917527106.40761,0.01,1.5,0.0,,,,,,,,,,,,,,,,,,,,,,,,,,,,,,,,,,,,,,,,,,,,,,,,,,,,,,,
183,3030413,3031758.0,39616.68109851437,223826621.4079029,0.0,0.0,0.0,1000000.0,1120133107.0395145,0.01,1.5,0.0,,,,,,,,,,,,,,,,,,,,,,,,,,,,,,,,,,,,,,,,,,,,,,,,,,,,,,,
184,3030738,3032033.0,68992.05465671002,539946375.6194608,0.0,0.0,0.0,1000000.0,2700731878.0973043,0.01,1.5,0.0,,,,,,,,,,,,,,,,,,,,,,,,,,,,,,,,,,,,,,,,,,,,,,,,,,,,,,,
185,3030854,3032924.0,96785.16807070284,1478047231.954212,0.0,0.0,0.0,1000000.0,7391236159.77106,0.01,1.5,0.0,,,,,,,,,,,,,,,,,,,,,,,,,,,,,,,,,,,,,,,,,,,,,,,,,,,,,,,
186,3030886,3041020.0,14426.51827911744,69426178.24648698,0.0,0.0,0.0,1000000.0,348130891.23243487,0.01,1.5,0.0,,,,,,,,,,,,,,,,,,,,,,,,,,,,,,,,,,,,,,,,,,,,,,,,,,,,,,,
187,3030965,3032720.0,50726.09084282084,269912028.3333276,0.0,0.0,0.0,1000000.0,1350560141.666638,0.01,1.5,0.0,,,,,,,,,,,,,,,,,,,,,,,,,,,,,,,,,,,,,,,,,,,,,,,,,,,,,,,
188,3031252,3034731.0,23918.10314768772,58852950.76959053,0.0,0.0,0.0,1000000.0,295264753.8479526,0.01,1.5,0.0,,,,,,,,,,,,,,,,,,,,,,,,,,,,,,,,,,,,,,,,,,,,,,,,,,,,,,,
189,3031311,3032619.0,38947.93116427316,460761920.5549897,0.0,0.0,0.0,1000000.0,2304809602.7749486,0.01,1.5,0.0,,,,,,,,,,,,,,,,,,,,,,,,,,,,,,,,,,,,,,,,,,,,,,,,,,,,,,,
190,3031629,3041294.0,91292.38276064306,904588597.114842,0.0,0.0,0.0,1000000.0,4523942985.57421,0.01,1.5,0.0,,,,,,,,,,,,,,,,,,,,,,,,,,,,,,,,,,,,,,,,,,,,,,,,,,,,,,,
191,3031741,3042123.0,31018.207053362607,241600930.3957249,0.0,0.0,0.0,1000000.0,1209004651.9786243,0.01,1.5,0.0,,,,,,,,,,,,,,,,,,,,,,,,,,,,,,,,,,,,,,,,,,,,,,,,,,,,,,,
192,3031758,3038211.0,28911.937722981107,176104498.57653728,0.0,0.0,0.0,1000000.0,881522492.8826864,0.01,1.5,0.0,,,,,,,,,,,,,,,,,,,,,,,,,,,,,,,,,,,,,,,,,,,,,,,,,,,,,,,
193,3031982,3037917.0,57503.58613100668,633913651.1632292,0.0,0.0,0.0,1000000.0,3170568255.816146,0.01,1.5,0.0,,,,,,,,,,,,,,,,,,,,,,,,,,,,,,,,,,,,,,,,,,,,,,,,,,,,,,,
194,3032033,3032701.0,29696.64350692864,107082745.86704692,0.0,0.0,0.0,1000000.0,536413729.33523464,0.01,1.5,0.0,,,,,,,,,,,,,,,,,,,,,,,,,,,,,,,,,,,,,,,,,,,,,,,,,,,,,,,
195,3032125,3033384.0,53885.168369599975,414793616.8849261,0.0,0.0,0.0,1000000.0,2074968084.4246304,0.01,1.5,0.0,,,,,,,,,,,,,,,,,,,,,,,,,,,,,,,,,,,,,,,,,,,,,,,,,,,,,,,
196,3032149,3033267.0,33934.11100638311,398775199.2556258,0.0,0.0,0.0,1000000.0,1994875996.2781289,0.01,1.5,0.0,,,,,,,,,,,,,,,,,,,,,,,,,,,,,,,,,,,,,,,,,,,,,,,,,,,,,,,
197,3032466,3034090.0,127397.40015825655,698455224.4383068,0.0,0.0,0.0,1000000.0,3493276122.191534,0.01,1.5,0.0,,,,,,,,,,,,,,,,,,,,,,,,,,,,,,,,,,,,,,,,,,,,,,,,,,,,,,,
198,3032619,3039109.0,23152.46727701485,242624868.272303,0.0,0.0,0.0,1000000.0,1214124341.361515,0.01,1.5,0.0,,,,,,,,,,,,,,,,,,,,,,,,,,,,,,,,,,,,,,,,,,,,,,,,,,,,,,,
199,3032701,3034530.0,7665.052473024678,8093506.321964666,0.0,0.0,0.0,1000000.0,41467531.60982333,0.01,1.5,0.0,,,,,,,,,,,,,,,,,,,,,,,,,,,,,,,,,,,,,,,,,,,,,,,,,,,,,,,
200,3032720,3034098.0,27014.19479775391,126778505.00920711,0.0,0.0,0.0,1000000.0,634892525.0460355,0.01,1.5,0.0,,,,,,,,,,,,,,,,,,,,,,,,,,,,,,,,,,,,,,,,,,,,,,,,,,,,,,,
201,3032856,3044087.0,26842.740525723395,307290651.8205594,0.0,0.0,0.0,1000000.0,1537453259.102797,0.01,1.5,0.0,,,,,,,,,,,,,,,,,,,,,,,,,,,,,,,,,,,,,,,,,,,,,,,,,,,,,,,
202,3032924,3035173.0,11322.955752665292,17404038.227060884,0.0,0.0,0.0,1000000.0,88020191.13530442,0.01,1.5,0.0,,,,,,,,,,,,,,,,,,,,,,,,,,,,,,,,,,,,,,,,,,,,,,,,,,,,,,,
203,3032980,7008051.0,811.6819871152296,21818284.505651988,0.0,0.0,0.0,1000000.0,110091422.52825993,0.01,1.5,0.0,,,,,,,,,,,,,,,,,,,,,,,,,,,,,,,,,,,,,,,,,,,,,,,,,,,,,,,
204,3033267,3035467.0,23226.9165641562,211793926.63113928,0.0,0.0,0.0,1000000.0,1059969633.1556964,0.01,1.5,0.0,,,,,,,,,,,,,,,,,,,,,,,,,,,,,,,,,,,,,,,,,,,,,,,,,,,,,,,
205,3033384,3034137.0,5705.745639101057,24770127.83441269,0.0,0.0,0.0,1000000.0,124850639.17206345,0.01,1.5,0.0,,,,,,,,,,,,,,,,,,,,,,,,,,,,,,,,,,,,,,,,,,,,,,,,,,,,,,,
206,3034090,3034563.0,8159.126997503239,20622451.637825027,0.0,0.0,0.0,1000000.0,104112258.18912514,0.01,1.5,0.0,,,,,,,,,,,,,,,,,,,,,,,,,,,,,,,,,,,,,,,,,,,,,,,,,,,,,,,
207,3034098,3034774.0,8807.517961877935,36392273.25022706,0.0,0.0,0.0,1000000.0,182961366.2511353,0.01,1.5,0.0,,,,,,,,,,,,,,,,,,,,,,,,,,,,,,,,,,,,,,,,,,,,,,,,,,,,,,,
208,3034137,3035647.0,17118.495612832034,138729383.12158397,0.0,0.0,0.0,1000000.0,694646915.6079198,0.01,1.5,0.0,,,,,,,,,,,,,,,,,,,,,,,,,,,,,,,,,,,,,,,,,,,,,,,,,,,,,,,
209,3034304,3039542.0,69661.67042716924,707668228.8610232,0.0,0.0,0.0,1000000.0,3539341144.3051157,0.01,1.5,0.0,,,,,,,,,,,,,,,,,,,,,,,,,,,,,,,,,,,,,,,,,,,,,,,,,,,,,,,
210,3034530,3042338.0,11509.131063796573,127277896.38325208,0.0,0.0,0.0,1000000.0,637389481.9162605,0.01,1.5,0.0,,,,,,,,,,,,,,,,,,,,,,,,,,,,,,,,,,,,,,,,,,,,,,,,,,,,,,,
211,3034563,3040402.0,9971.51897520724,32464325.226870805,0.0,0.0,0.0,1000000.0,163321626.13435403,0.01,1.5,0.0,,,,,,,,,,,,,,,,,,,,,,,,,,,,,,,,,,,,,,,,,,,,,,,,,,,,,,,
212,3034661,7000643.0,163901.86501504105,1894235271.505357,0.0,0.0,0.0,1000000.0,9472176357.526785,0.01,1.5,0.0,,,,,,,,,,,,,,,,,,,,,,,,,,,,,,,,,,,,,,,,,,,,,,,,,,,,,,,
213,3034731,3040256.0,17253.755616008584,95630341.87506343,0.0,0.0,0.0,1000000.0,479151709.37531716,0.01,1.5,0.0,,,,,,,,,,,,,,,,,,,,,,,,,,,,,,,,,,,,,,,,,,,,,,,,,,,,,,,
214,3034774,3036848.0,12344.958874874945,52286703.363156095,0.0,0.0,0.0,1000000.0,262433516.81578046,0.01,1.5,0.0,,,,,,,,,,,,,,,,,,,,,,,,,,,,,,,,,,,,,,,,,,,,,,,,,,,,,,,
215,3034953,3041725.0,56908.8326159001,713950514.9442012,0.0,0.0,0.0,1000000.0,3570752574.7210064,0.01,1.5,0.0,,,,,,,,,,,,,,,,,,,,,,,,,,,,,,,,,,,,,,,,,,,,,,,,,,,,,,,
216,3035173,7007558.0,59294.94866289942,482900510.2883089,0.0,0.0,0.0,1000000.0,2415502551.4415445,0.01,1.5,0.0,,,,,,,,,,,,,,,,,,,,,,,,,,,,,,,,,,,,,,,,,,,,,,,,,,,,,,,
217,3035206,3035778.0,14862.393723728845,174648243.53315675,0.0,0.0,0.0,1000000.0,874241217.6657838,0.01,1.5,0.0,,,,,,,,,,,,,,,,,,,,,,,,,,,,,,,,,,,,,,,,,,,,,,,,,,,,,,,
218,3035467,3043203.0,1061.329444121879,348636.69894779543,0.0,0.0,0.0,1000000.0,2743183.4947389774,0.01,1.5,0.0,,,,,,,,,,,,,,,,,,,,,,,,,,,,,,,,,,,,,,,,,,,,,,,,,,,,,,,
219,3035647,3036346.0,27080.04665199156,303910696.0823938,0.0,0.0,0.0,1000000.0,1520553480.4119692,0.01,1.5,0.0,,,,,,,,,,,,,,,,,,,,,,,,,,,,,,,,,,,,,,,,,,,,,,,,,,,,,,,
220,3035778,3036151.0,17951.276105125315,76477773.26906766,0.0,0.0,0.0,1000000.0,383388866.3453383,0.01,1.5,0.0,,,,,,,,,,,,,,,,,,,,,,,,,,,,,,,,,,,,,,,,,,,,,,,,,,,,,,,
221,3036151,3036507.0,10502.145937770269,116752501.5831069,0.0,0.0,0.0,1000000.0,584762507.9155345,0.01,1.5,0.0,,,,,,,,,,,,,,,,,,,,,,,,,,,,,,,,,,,,,,,,,,,,,,,,,,,,,,,
222,3036346,3037917.0,33519.9943617,79234922.10797706,0.0,0.0,0.0,1000000.0,397174610.5398853,0.01,1.5,0.0,,,,,,,,,,,,,,,,,,,,,,,,,,,,,,,,,,,,,,,,,,,,,,,,,,,,,,,
223,3036486,3037200.0,28645.71939813427,385879181.8306847,0.0,0.0,0.0,1000000.0,1930395909.1534235,0.01,1.5,0.0,,,,,,,,,,,,,,,,,,,,,,,,,,,,,,,,,,,,,,,,,,,,,,,,,,,,,,,
224,3036507,3038211.0,41823.73667128672,179108488.22665712,0.0,0.0,0.0,1000000.0,896542441.1332856,0.01,1.5,0.0,,,,,,,,,,,,,,,,,,,,,,,,,,,,,,,,,,,,,,,,,,,,,,,,,,,,,,,
225,3036848,3041312.0,99989.44586396568,844790971.0538524,0.0,0.0,0.0,1000000.0,4224954855.2692623,0.01,1.5,0.0,,,,,,,,,,,,,,,,,,,,,,,,,,,,,,,,,,,,,,,,,,,,,,,,,,,,,,,
226,3037200,3037796.0,23119.955306484484,327107483.9845758,0.0,0.0,0.0,1000000.0,1636537419.922879,0.01,1.5,0.0,,,,,,,,,,,,,,,,,,,,,,,,,,,,,,,,,,,,,,,,,,,,,,,,,,,,,,,
227,3037796,3038322.0,68673.76784957017,457542692.1263336,0.0,0.0,0.0,1000000.0,2288713460.631668,0.01,1.5,0.0,,,,,,,,,,,,,,,,,,,,,,,,,,,,,,,,,,,,,,,,,,,,,,,,,,,,,,,
228,3037917,3039109.0,1951.358895574992,8033600.192530789,0.0,0.0,0.0,1000000.0,41168000.96265395,0.01,1.5,0.0,,,,,,,,,,,,,,,,,,,,,,,,,,,,,,,,,,,,,,,,,,,,,,,,,,,,,,,
229,3038211,3039542.0,58017.258201213655,542694765.7247446,0.0,0.0,0.0,1000000.0,2714473828.623723,0.01,1.5,0.0,,,,,,,,,,,,,,,,,,,,,,,,,,,,,,,,,,,,,,,,,,,,,,,,,,,,,,,
230,3038322,3038730.0,2349.341512033088,2990468.216143814,0.0,0.0,0.0,1000000.0,15952341.080719069,0.01,1.5,0.0,,,,,,,,,,,,,,,,,,,,,,,,,,,,,,,,,,,,,,,,,,,,,,,,,,,,,,,
231,3038730,3038979.0,27087.64192011353,76970518.35219243,0.0,0.0,0.0,1000000.0,385852591.7609621,0.01,1.5,0.0,,,,,,,,,,,,,,,,,,,,,,,,,,,,,,,,,,,,,,,,,,,,,,,,,,,,,,,
232,3038979,3039087.0,28133.682074399632,309485812.1167057,0.0,0.0,0.0,1000000.0,1548429060.5835285,0.01,1.5,0.0,,,,,,,,,,,,,,,,,,,,,,,,,,,,,,,,,,,,,,,,,,,,,,,,,,,,,,,
233,3039087,3040256.0,7900.636313989427,22627832.12834424,0.0,0.0,0.0,1000000.0,114139160.6417212,0.01,1.5,0.0,,,,,,,,,,,,,,,,,,,,,,,,,,,,,,,,,,,,,,,,,,,,,,,,,,,,,,,
234,3039109,3039206.0,44157.8522327109,367836131.6138076,0.0,0.0,0.0,1000000.0,1840180658.0690382,0.01,1.5,0.0,,,,,,,,,,,,,,,,,,,,,,,,,,,,,,,,,,,,,,,,,,,,,,,,,,,,,,,
235,3039206,3039362.0,9112.60483341004,52105459.54607428,0.0,0.0,0.0,1000000.0,261527297.7303714,0.01,1.5,0.0,,,,,,,,,,,,,,,,,,,,,,,,,,,,,,,,,,,,,,,,,,,,,,,,,,,,,,,
236,3039362,3039977.0,22792.43468675261,237507936.8248508,0.0,0.0,0.0,1000000.0,1188539684.124254,0.01,1.5,0.0,,,,,,,,,,,,,,,,,,,,,,,,,,,,,,,,,,,,,,,,,,,,,,,,,,,,,,,
237,3039542,3040402.0,43178.37604942785,340031540.5486987,0.0,0.0,0.0,1000000.0,1701157702.7434936,0.01,1.5,0.0,,,,,,,,,,,,,,,,,,,,,,,,,,,,,,,,,,,,,,,,,,,,,,,,,,,,,,,
238,3039977,3040051.0,72422.16513513938,803573419.0559957,0.0,0.0,0.0,1000000.0,4018867095.2799788,0.01,1.5,0.0,,,,,,,,,,,,,,,,,,,,,,,,,,,,,,,,,,,,,,,,,,,,,,,,,,,,,,,
239,3040051,3040493.0,21317.26323995294,49942913.27144694,0.0,0.0,0.0,1000000.0,250714566.35723472,0.01,1.5,0.0,,,,,,,,,,,,,,,,,,,,,,,,,,,,,,,,,,,,,,,,,,,,,,,,,,,,,,,
240,3040256,3040331.0,75895.55866844248,902385738.2519852,0.0,0.0,0.0,1000000.0,4512928691.259926,0.01,1.5,0.0,,,,,,,,,,,,,,,,,,,,,,,,,,,,,,,,,,,,,,,,,,,,,,,,,,,,,,,
241,3040331,3040544.0,15901.157307849571,150201946.19577727,0.0,0.0,0.0,1000000.0,752009730.9788864,0.01,1.5,0.0,,,,,,,,,,,,,,,,,,,,,,,,,,,,,,,,,,,,,,,,,,,,,,,,,,,,,,,
242,3040402,3040487.0,47460.81609277194,372572794.74630463,0.0,0.0,0.0,1000000.0,1863863973.731523,0.01,1.5,0.0,,,,,,,,,,,,,,,,,,,,,,,,,,,,,,,,,,,,,,,,,,,,,,,,,,,,,,,
243,3040487,3041312.0,41636.52303349324,213232820.50944525,0.0,0.0,0.0,1000000.0,1067164102.5472262,0.01,1.5,0.0,,,,,,,,,,,,,,,,,,,,,,,,,,,,,,,,,,,,,,,,,,,,,,,,,,,,,,,
244,3040493,3040593.0,69228.80356778472,517146940.23734593,0.0,0.0,0.0,1000000.0,2586734701.1867294,0.01,1.5,0.0,,,,,,,,,,,,,,,,,,,,,,,,,,,,,,,,,,,,,,,,,,,,,,,,,,,,,,,
245,3040544,3040625.0,65393.2824944244,564832670.715929,0.0,0.0,0.0,1000000.0,2825163353.579645,0.01,1.5,0.0,,,,,,,,,,,,,,,,,,,,,,,,,,,,,,,,,,,,,,,,,,,,,,,,,,,,,,,
246,3040593,3040698.0,12576.222112027925,78219456.8479424,0.0,0.0,0.0,1000000.0,392097284.239712,0.01,1.5,0.0,,,,,,,,,,,,,,,,,,,,,,,,,,,,,,,,,,,,,,,,,,,,,,,,,,,,,,,
247,3040625,3040978.0,19859.17710335837,55111053.208479546,0.0,0.0,0.0,1000000.0,276555266.04239774,0.01,1.5,0.0,,,,,,,,,,,,,,,,,,,,,,,,,,,,,,,,,,,,,,,,,,,,,,,,,,,,,,,
248,3040698,3041020.0,65149.31990683566,437455985.2058154,0.0,0.0,0.0,1000000.0,2188279926.029077,0.01,1.5,0.0,,,,,,,,,,,,,,,,,,,,,,,,,,,,,,,,,,,,,,,,,,,,,,,,,,,,,,,
249,3040978,3041065.0,157890.61343287732,1214817585.677621,0.0,0.0,0.0,1000000.0,6075087928.388104,0.01,1.5,0.0,,,,,,,,,,,,,,,,,,,,,,,,,,,,,,,,,,,,,,,,,,,,,,,,,,,,,,,
250,3041020,3041294.0,9475.558452488343,54591857.65498103,0.0,0.0,0.0,1000000.0,273959288.27490515,0.01,1.5,0.0,,,,,,,,,,,,,,,,,,,,,,,,,,,,,,,,,,,,,,,,,,,,,,,,,,,,,,,
251,3041065,3041310.0,55318.329337733536,414165000.206928,0.0,0.0,0.0,1000000.0,2071825001.03464,0.01,1.5,0.0,,,,,,,,,,,,,,,,,,,,,,,,,,,,,,,,,,,,,,,,,,,,,,,,,,,,,,,
252,3041294,3041376.0,14679.693727330246,80843898.81854106,0.0,0.0,0.0,1000000.0,405219494.0927053,0.01,1.5,0.0,,,,,,,,,,,,,,,,,,,,,,,,,,,,,,,,,,,,,,,,,,,,,,,,,,,,,,,
253,3041310,3042952.0,47195.10070985943,385255734.0416411,0.0,0.0,0.0,1000000.0,1927278670.2082057,0.01,1.5,0.0,,,,,,,,,,,,,,,,,,,,,,,,,,,,,,,,,,,,,,,,,,,,,,,,,,,,,,,
254,3041312,3041469.0,35722.97922977714,129725086.68219385,0.0,0.0,0.0,1000000.0,649625433.4109693,0.01,1.5,0.0,,,,,,,,,,,,,,,,,,,,,,,,,,,,,,,,,,,,,,,,,,,,,,,,,,,,,,,
255,3041376,3041725.0,14885.287190353552,57964919.49277185,0.0,0.0,0.0,1000000.0,290824597.46385926,0.01,1.5,0.0,,,,,,,,,,,,,,,,,,,,,,,,,,,,,,,,,,,,,,,,,,,,,,,,,,,,,,,
256,3041469,3041630.0,37207.36804892528,418647297.0657629,0.0,0.0,0.0,1000000.0,2094236485.3288145,0.01,1.5,0.0,,,,,,,,,,,,,,,,,,,,,,,,,,,,,,,,,,,,,,,,,,,,,,,,,,,,,,,
257,3041630,3041657.0,16726.83275638086,119476640.01509288,0.0,0.0,0.0,1000000.0,598383200.0754644,0.01,1.5,0.0,,,,,,,,,,,,,,,,,,,,,,,,,,,,,,,,,,,,,,,,,,,,,,,,,,,,,,,
258,3041657,3041703.0,5982.619227462927,93386136.8042899,0.0,0.0,0.0,1000000.0,467930684.02144957,0.01,1.5,0.0,,,,,,,,,,,,,,,,,,,,,,,,,,,,,,,,,,,,,,,,,,,,,,,,,,,,,,,
259,3041703,3042952.0,37600.229688782514,383100373.4570425,0.0,0.0,0.0,1000000.0,1916501867.2852125,0.01,1.5,0.0,,,,,,,,,,,,,,,,,,,,,,,,,,,,,,,,,,,,,,,,,,,,,,,,,,,,,,,
260,3041725,3041812.0,14205.801934003652,70452086.37604433,0.0,0.0,0.0,1000000.0,353260431.88022166,0.01,1.5,0.0,,,,,,,,,,,,,,,,,,,,,,,,,,,,,,,,,,,,,,,,,,,,,,,,,,,,,,,
261,3041812,3041952.0,90735.96813210315,903448287.7725016,0.0,0.0,0.0,1000000.0,4518241438.862508,0.01,1.5,0.0,,,,,,,,,,,,,,,,,,,,,,,,,,,,,,,,,,,,,,,,,,,,,,,,,,,,,,,
262,3041952,3042123.0,57128.32508226587,369952779.3654904,0.0,0.0,0.0,1000000.0,1850763896.827452,0.01,1.5,0.0,,,,,,,,,,,,,,,,,,,,,,,,,,,,,,,,,,,,,,,,,,,,,,,,,,,,,,,
263,3042123,3042338.0,24340.977912050184,104741005.20021573,0.0,0.0,0.0,1000000.0,524705026.0010786,0.01,1.5,0.0,,,,,,,,,,,,,,,,,,,,,,,,,,,,,,,,,,,,,,,,,,,,,,,,,,,,,,,
264,3042338,3042412.0,10402.957506774104,31607036.10501254,0.0,0.0,0.0,1000000.0,159035180.5250627,0.01,1.5,0.0,,,,,,,,,,,,,,,,,,,,,,,,,,,,,,,,,,,,,,,,,,,,,,,,,,,,,,,
265,3042412,3042499.0,68146.23831949184,845238112.0948685,0.0,0.0,0.0,1000000.0,4227190560.474343,0.01,1.5,0.0,,,,,,,,,,,,,,,,,,,,,,,,,,,,,,,,,,,,,,,,,,,,,,,,,,,,,,,
266,3042499,3042525.0,65111.37776832464,975856153.7665626,0.0,0.0,0.0,1000000.0,4880280768.832813,0.01,1.5,0.0,,,,,,,,,,,,,,,,,,,,,,,,,,,,,,,,,,,,,,,,,,,,,,,,,,,,,,,
267,3042525,3042570.0,48395.09239572158,281787217.5317241,0.0,0.0,0.0,1000000.0,1409936087.6586204,0.01,1.5,0.0,,,,,,,,,,,,,,,,,,,,,,,,,,,,,,,,,,,,,,,,,,,,,,,,,,,,,,,
268,3042570,3042589.0,21276.46486932591,257061794.32494405,0.0,0.0,0.0,1000000.0,1286308971.6247203,0.01,1.5,0.0,,,,,,,,,,,,,,,,,,,,,,,,,,,,,,,,,,,,,,,,,,,,,,,,,,,,,,,
269,3042589,3043946.0,19533.08777118727,47893563.32700009,0.0,0.0,0.0,1000000.0,240467816.63500044,0.01,1.5,0.0,,,,,,,,,,,,,,,,,,,,,,,,,,,,,,,,,,,,,,,,,,,,,,,,,,,,,,,
270,3042952,3043021.0,24298.852041696668,69761749.38463816,0.0,0.0,0.0,1000000.0,349808746.92319083,0.01,1.5,0.0,,,,,,,,,,,,,,,,,,,,,,,,,,,,,,,,,,,,,,,,,,,,,,,,,,,,,,,
271,3043021,3043203.0,110141.95135572858,1079664348.848033,0.0,0.0,0.0,1000000.0,5399321744.240165,0.01,1.5,0.0,,,,,,,,,,,,,,,,,,,,,,,,,,,,,,,,,,,,,,,,,,,,,,,,,,,,,,,
272,3043203,3043247.0,133031.76565982238,1164526162.4506588,0.0,0.0,0.0,1000000.0,5823630812.253294,0.01,1.5,0.0,,,,,,,,,,,,,,,,,,,,,,,,,,,,,,,,,,,,,,,,,,,,,,,,,,,,,,,
273,3043247,3043946.0,118403.91550544968,958287964.7242032,0.0,0.0,0.0,1000000.0,4792439823.6210165,0.01,1.5,0.0,,,,,,,,,,,,,,,,,,,,,,,,,,,,,,,,,,,,,,,,,,,,,,,,,,,,,,,
274,3043946,3043955.0,58712.00585795505,560629982.6907358,0.0,0.0,0.0,1000000.0,2804149913.453679,0.01,1.5,0.0,,,,,,,,,,,,,,,,,,,,,,,,,,,,,,,,,,,,,,,,,,,,,,,,,,,,,,,
275,3043955,3043965.0,17410.24607309005,155400721.76243824,0.0,0.0,0.0,1000000.0,778003608.8121912,0.01,1.5,0.0,,,,,,,,,,,,,,,,,,,,,,,,,,,,,,,,,,,,,,,,,,,,,,,,,,,,,,,
276,3043965,3043973.0,44041.29988256859,268615891.56783587,0.0,0.0,0.0,1000000.0,1344079457.8391793,0.01,1.5,0.0,,,,,,,,,,,,,,,,,,,,,,,,,,,,,,,,,,,,,,,,,,,,,,,,,,,,,,,
277,3043973,3043975.0,41775.25513669495,399114726.4163929,0.0,0.0,0.0,1000000.0,1996573632.0819645,0.01,1.5,0.0,,,,,,,,,,,,,,,,,,,,,,,,,,,,,,,,,,,,,,,,,,,,,,,,,,,,,,,
278,3043975,3043993.0,8522.889578476363,24352471.689593177,0.0,0.0,0.0,1000000.0,122762358.44796589,0.01,1.5,0.0,,,,,,,,,,,,,,,,,,,,,,,,,,,,,,,,,,,,,,,,,,,,,,,,,,,,,,,
279,3043993,7000643.0,40262.01017197478,1165925343.1470442,0.0,0.0,0.0,1000000.0,5830626715.735221,0.01,1.5,0.0,,,,,,,,,,,,,,,,,,,,,,,,,,,,,,,,,,,,,,,,,,,,,,,,,,,,,,,
280,3044019,7000643.0,1.0,635007110.5076412,0.0,0.0,0.0,1000000.0,3176035552.538206,0.01,1.5,0.0,,,,,,,,,,,,,,,,,,,,,,,,,,,,,,,,,,,,,,,,,,,,,,,,,,,,,,,
281,3044030,7000643.0,1.0,985929249.8808284,0.0,0.0,0.0,1000000.0,4930646249.404142,0.01,1.5,0.0,,,,,,,,,,,,,,,,,,,,,,,,,,,,,,,,,,,,,,,,,,,,,,,,,,,,,,,
282,3044033,7000643.0,1.0,66516460.927376375,0.0,0.0,0.0,1000000.0,333582304.6368819,0.01,1.5,0.0,,,,,,,,,,,,,,,,,,,,,,,,,,,,,,,,,,,,,,,,,,,,,,,,,,,,,,,
283,3044044,7000643.0,1.0,282709200.35355043,0.0,0.0,0.0,1000000.0,1414546001.7677522,0.01,1.5,0.0,,,,,,,,,,,,,,,,,,,,,,,,,,,,,,,,,,,,,,,,,,,,,,,,,,,,,,,
284,3044060,3044063.0,78478.44423226477,1226247023.034134,0.0,0.0,0.0,1000000.0,6132235115.17067,0.01,1.5,0.0,,,,,,,,,,,,,,,,,,,,,,,,,,,,,,,,,,,,,,,,,,,,,,,,,,,,,,,
285,3044063,3044071.0,9672.823922496396,41350956.75938126,0.0,0.0,0.0,1000000.0,207754783.7969063,0.01,1.5,0.0,,,,,,,,,,,,,,,,,,,,,,,,,,,,,,,,,,,,,,,,,,,,,,,,,,,,,,,
286,3044071,3044075.0,49244.72110736736,705901463.877765,0.0,0.0,0.0,1000000.0,3530507319.3888254,0.01,1.5,0.0,,,,,,,,,,,,,,,,,,,,,,,,,,,,,,,,,,,,,,,,,,,,,,,,,,,,,,,
287,3044075,3044087.0,2930.8986996278763,3195937.8217116795,0.0,0.0,0.0,1000000.0,16979689.108558398,0.01,1.5,0.0,,,,,,,,,,,,,,,,,,,,,,,,,,,,,,,,,,,,,,,,,,,,,,,,,,,,,,,
288,3044087,3044094.0,38420.45524527437,435409449.26323867,0.0,0.0,0.0,1000000.0,2178047246.3161936,0.01,1.5,0.0,,,,,,,,,,,,,,,,,,,,,,,,,,,,,,,,,,,,,,,,,,,,,,,,,,,,,,,
289,3044094,-9999.0,58812.61400119224,1073223191.8032936,0.0,0.0,0.0,1000000.0,5367115959.016468,0.01,1.5,0.0,,,,,,,,,,,,,,,,,,,,,,,,,,,,,,,,,,,,,,,,,,,,,,,,,,,,,,,
